Name,Email,Phone,Company,Title,Location,Persona,LinkedIn,Years of Experience,Skills,Industry,Seniority,Relevance Score,Apollo ID,Notes
,,,Citi,Data Scientist/Applied ML Engineer,,External,,,,,,0.00,687022316abcb900019f04a2,
,,,Ask Media Group,Data Scientist/Data Engineer/Machine Learning Engineer,,External,,,,,,0.00,612bbe20bdf90c0001f508a8,
,,,HubSpot,Data Scientist/Machine Learning Engineer,,External,,,,,,0.00,66feaf691644540001c09b68,
,,,STR,Data Scientist | ML Engineer,,External,,,,,,0.00,665bc25152103e0001de2445,
,,,Cisco,Machine Learning Engineer / Data Scientist,,External,,,,,,0.00,61f50a1e2636580001459710,
,,,Cisco,ML Engineer & Data Scientist,,External,,,,,,0.00,618a8012bbc6620001af922d,
,,,Bloomberg,Applied Scientist/ML Engineer,,External,,,,,,0.00,5e5f77f17e1b31000128338e,
,,,Duke Energy Corporation,Data Scientist | Machine Learning Engineer,,External,,,,,,0.00,54a4ec947468693209f5fd6d,
,,,Con Edison,Data Scientist & ML Engineer,,External,,,,,,0.00,54a23b877468693fda3e2d18,
,,,Anvilogic,ML Engineer and Data Scientist,,External,,,,,,0.00,66241ef082eea30007087f9a,
